username,email,password,first_name,last_name,job_title,company,city,state,postal_code
stacy03,deborahwhite@example.net,oX5u1Wns!C,Daniel,Stewart,Media buyer,Perez-Weaver,New Danielland,WI,87761
frostalexandra,leachkerry@example.net,N)9UTKl6mK,Elaine,Henderson,Intelligence analyst,Galloway PLC,West Brooketown,RI,91404
kristinwall,bensonkenneth@example.com,#Y+F7SqK@6,Robert,Moreno,"Lighting technician, broadcasting/film/video",Smith PLC,Johnfurt,NH,89199
pthompson,jamesrice@example.com,v)y*2k%llR,Bradley,Allen,Field trials officer,"Smith, Burns and Perez",New Bryan,RI,58969
phamtammy,iochoa@example.com,Icg0qRX^K%,Jennifer,Nelson,"Administrator, charities/voluntary organisations","Martin, Hutchinson and Robinson",North Gabriella,IL,41618
hutchinsonkevin,zjordan@example.net,^r$!K1KBX%,Kevin,Baker,Financial risk analyst,Martin-Greene,North Maria,AR,36295
monicamejia,lramirez@example.org,)eg2UE&hMr,Michael,Boone,"Surveyor, building control","Miller, Finley and Cook",East Rachelburgh,FM,87889
taylormichael,salasmelissa@example.net,@AUf9BSs8N,Emily,Becker,Retail banker,Jones-Morgan,North Benjaminbury,WA,40821
johnortiz,michael33@example.com,r@39JXaKLy,Brittany,Ramirez,Research scientist (maths),Garcia-Lewis,Arthurfort,VI,51830
dylan81,victoria36@example.net,bW8UhmU)(r,Brittany,Ray,Chief of Staff,Singh-Lucas,Hoffmanhaven,GU,83215
gfrancis,kristieobrien@example.org,^m)5vOo5$0,Jose,Long,"Physicist, medical","Ray, Peterson and Holmes",Bergburgh,RI,78351
jtodd,linda96@example.net,0Ct*Dz7!)0,Ricardo,Sampson,"Investment banker, corporate",Diaz-Hayes,Arianafort,OK,28630
trevor55,valerie10@example.com,#0y8RyU)1E,Garrett,Alexander,"Designer, ceramics/pottery",Powers LLC,Port Thomas,DE,55049
margaret50,samantha07@example.com,I1^R0O6yHw,John,Diaz,"Engineer, maintenance","Romero, Caldwell and Kirby",Gonzalezside,NH,26521
charles48,john84@example.org,&$3QYfqDUP,Larry,Larson,Tour manager,Hammond PLC,West Deborah,VA,65889
crosbynorman,matthewwallace@example.org,@f@li4Wy21,Jeremiah,Oneill,Hydrogeologist,"Caldwell, Savage and Wang",Nancyport,FL,00574
lopezlaura,jeffreywagner@example.net,&4YY2XIhcm,Dustin,Lamb,Metallurgist,"Collins, Young and Hobbs",West Caitlyn,VI,68064
sarahpierce,lingeorge@example.org,@)2UgcPof^,Debra,Jones,TEFL teacher,Leonard Inc,Port Andres,MT,89775
harrislatoya,perkinsjesus@example.net,#8pyYc6u^J,Barbara,Hayes,"Therapist, music",Wilson-Crawford,Gamblehaven,IL,85811
markwilliams,michael92@example.com,^0VXHOg_My,Nathan,Adams,Cabin crew,"Smith, Sanders and Brown",Ricebury,RI,48937
thomascowan,andrewcooper@example.com,icC9BBucU_,Thomas,Perry,Special educational needs teacher,Rowe-Chen,Lake Jeremychester,IA,48434
hmyers,gonzalezdylan@example.net,!Sqe45HwuE,Joshua,Howard,Curator,"Cohen, James and Henry",Reneeton,UT,20575
kylepetersen,juliejackson@example.net,v1LSqoUs!(,Larry,Little,Pensions consultant,Alexander-Sandoval,North Donnaton,IA,49620
yparks,pwright@example.org,Yr5ZmpwV*#,Andrew,Rogers,Systems developer,"Medina, Roth and Fisher",Deniseland,ID,63784
benjamin01,melanie11@example.org,B@3C(3ZwKY,Jessica,Wong,Video editor,Ramirez and Sons,Chloeton,WY,82840
rogersandrea,tyler60@example.com,@mh634EcgK,Jasmine,Ray,Health visitor,Mann-Sullivan,North Karen,AR,20276
ucole,laurataylor@example.org,9&lvKESs$3,Linda,Porter,Diplomatic Services operational officer,Garcia Group,West Donna,IA,53096
fyoder,tjones@example.net,@2uooPMuR8,Alan,Rice,"Accountant, chartered certified",Reyes and Sons,Lake Colinview,CA,40661
lhughes,gary44@example.com,&iEIgbar)2,Dennis,Mays,Statistician,Garza-Grant,West Robin,MT,75150
keithsmith,elarson@example.org,&4Hqr1Up5!,John,Joseph,"Scientist, marine",Jones Inc,Melissaland,MT,34462
brenda49,grantwilson@example.net,dEqgAp%j+8,Sarah,James,Building services engineer,Andrews-Reese,South Michaelview,NE,84727
davidwhite,katielee@example.com,(5EOC!NVnw,Joseph,Stokes,"Radiographer, therapeutic","Stone, Hoover and Cooper",Dianeborough,AR,70980
gperez,armstrongsara@example.com,$MM1NRFx&M,Scott,Nelson,"Scientist, biomedical",Black-Schultz,Melissachester,WV,54852
davidcruz,sanchezkristin@example.org,Q6IPoTqm$E,Scott,Baker,"Geologist, wellsite",Brown and Sons,Cunninghamshire,KS,49434
fergusonmichael,elee@example.org,r_4S3KBx^p,Jessica,Parker,Public affairs consultant,"Glover, Martinez and Dillon",Tracyborough,DC,27521
bjones,gpena@example.org,M_n8XycFsz,Reginald,Mitchell,"Investment banker, operational","Pena, Hill and Jones",Markport,IA,82334
lcampbell,felicia58@example.net,!ZLMH^0d8V,Daniel,Chang,Medical laboratory scientific officer,Gonzalez Inc,New Scott,PR,72547
lesliemartin,jacobvaughn@example.com,(^)5tZkPgL,Michelle,Yates,Counselling psychologist,Mclaughlin-Turner,East Courtneymouth,MT,04750
derekbriggs,jacksonchristopher@example.com,1+P1g2VI(c,Elizabeth,Becker,"Surveyor, mining",Harmon PLC,Michaeltown,HI,43933
jamestammy,jbrewer@example.com,$vnPvPG*f3,Paul,Miller,"Librarian, public",Miller Ltd,North Jessica,CO,14637
nicholascollins,anthonyjohnson@example.org,Af1Z*ze##W,Julie,Black,Systems developer,"Bradley, Stuart and Wagner",Ashleyville,LA,13919
kelly77,bradleyanne@example.net,IZ195T6qm!,Robert,Hughes,"Lecturer, higher education",Thomas-Scott,Katrinafurt,CA,06874
kimberlyking,qperez@example.com,#3jAsUZwOk,Elizabeth,Gill,Sports administrator,Hall-Choi,Emilyview,VI,03479
bushcatherine,bryan58@example.org,K&hvl1StTB,Christopher,Turner,Sports development officer,"Torres, Barrett and Morgan",Ambermouth,WA,15776
amberkelley,veronicastevens@example.org,ON77BgGN+&,Patrick,Tate,Ranger/warden,Gonzales-Stephens,North Jessica,LA,77958
alexanderstewart,anna34@example.org,9DYNmQ_l@L,Marissa,Norman,Theatre stage manager,Green-Pierce,Veronicaborough,ME,92372
brewerkaren,snorton@example.org,E*9KwNB8w9,Joshua,Griffith,"Buyer, retail",Fitzpatrick and Sons,Mcgeeberg,VT,66623
meghanhurst,richard26@example.org,13!b46Dbw+,Kelly,Robinson,Dispensing optician,Adams-Rodgers,Christineville,MD,81977
ibell,fowlerpaul@example.org,@nO+3YQpi7,Danielle,Warner,Print production planner,"Atkins, Chavez and Andrade",Port Frances,CT,34786
margaret35,bruceacevedo@example.net,x6L6Vrxa^K,Jorge,Wood,"Engineer, drilling",Dickson-Molina,Traceyberg,TN,24889
